 0 Umgekehrt aber ist auch das französische Geistesleben - sieht man im wesentlichen von der “schönen” Literatur ab - relativ weltoffen.;
1 Durch die Restituierung der Rechte der “noblesse d’épée” und der “noblesse de robe” und den Machtzuwachs der Parlamente auf Kosten des aus den verschiedensten Gründen immer mehr an Prestige einbüßenden Königtums wird dasjenige des Adels aufgefrischt - in einer Ständegesellschaft, die sich im Verlauf des 18. Jahrhunderts zwar noch nicht formal-juristisch, so doch im Bewußtsein der Epoche fortentwickelt zu einer auf ökonomischen Sachverhalten basierenden Klassengesellschaft, die durch die Französische Revolution legalisiert werden wird.;
2 Henning Krauß
Einführung:
Streiflichter auf die französische Literatur der Aufklärung
Dietmar Rieger (Gießen)
1.;
3 Individualität hat in diesem System als Abweichung von der Norm keine Chance.;
4 Doch Bastillehaft und Galeerenstrafe, Beschlagnahmung der ganzen Auflage und deren Vernichtung sind keine seltene Realität.;
5 Viele ihrer Mitglieder sind bereits emigriert, als sie 1793 geschlossen wird.;
6 Ihre Zahl schnellt zu Beginn des Jahrhunderts sprunghaft in die Höhe, und bald werden sie zum nichtexklusiven, öffentlichen, oft von der Polizei überwachten Treffpunkt der Künstler und Intellektuellen der Zeit.;
7 Dies alles gilt, auch wenn zu beachten ist, daß die Enzyklopädisten angesichts wachsender Repression in den späten fünfziger Jahren ihre Aggressivität teilweise reduziert und eine Art Selbstzensur eingeführt haben, die Diderot allerdings durch ein mit Louis de Jaucourt, einem der Hauptmitarbeiter, ausgeklügeltes Verweissystem zwischen verschiedenen Encyclopedie-Artikeln zu kompensieren versuchte.;
8 Alle übrigen Bücher wurden vernichtet.;
9 Diese Régence ist durch eine umfassende Liberalisierung gekennzeichnet, die trotz repressiver Maßnahmen in den kommenden Jahrzehnten (z.B. Zensur) die weitere Entwicklung entscheidend prägt.;
10 In der zweiten Jahrhunderthälfte ist allerdings eine allmähliche Verlagerung in Richtung Gefühl, Melancholie und Liebesidylle zu beobachten.;
11 In einer extremen Umwertung des Rousseauismus proklamiert Sade den natürlichen Menschen, der dieser Natur gehorcht.;
12 Den “roman terrifiant” einseitig auf die Erfahrung der Revolution und besonders der Terreur zurückzufuhren, ist aber ein schon am Ende des Jahrhunderts - etwa beim Marquis de Sade - häufiges antirevolutionäres Ideologem.;
13 Nationale und historische Unterschiede bedingen die Differenzen im Geschmack und dessen Modifikationen: “Tout changement arrivé dans le gouvernement ou dans les mœurs d’un peuple doit nécessairement amener des révolutions dans son goût”, schreibt Helvétius (De l’Esprit, 1758).;
14 Zur Vor- und zur Frühaufklärung gehört Fontenelle, der Secrétaire perpétuel der Académie des sciences, dessen populärwissenschaftliche Aufklärung durch ihr schöngeistiges Gewand eine besondere Breitenwirkung erzielt und dem auch die Demystifizierung des religiösen “merveilleux” am Herzen liegt.;
15 Der “philosophe” übernimmt idealiter gewissermaßen die Funktion des “prêtre”.;
16 Auch die Vertreter der verschiedenen auf die Verabsolutierung der Vernunft mit der Schaffung neuer Formen der Religiosität reagierenden Illuminismen beteiligen sich an der Polemik - vor allem Martinès de Pasqually und sein Schüler Saint-Martin, dessen Buch Des Erreurs et de la vérité (1715)a\s mystische Antithese zu Holbachs Système de la nature (publ.;
17 Toutes ces merveilles se sont renouvelées depuis peu de générations.;
18 Bevor er die Preisfrage der Académie de Dijon (“Si le rétablissement des sciences et des arts a contribué à épurer les mœurs”) im Namen von Natürlichkeit, Tugend und Moral mit einer Kampfansage gegen den rationalistischen Optimismus und einer vielfach variierten Diatribe gegen Wissenschaftsgläubigkeit und gesellschaftliche Dekadenz und Entfremdung beantwortet, formuliert Rousseau eine Art Hymne an diese Entwicklung der abendländischen Gesellschaft, die aus dem “finsteren” Mittelalter, einem der “barbarie des premiers âges” vergleichbaren “état pire que l’ignorance”, herausgeführt habe ins Licht der Gegenwart:
1	C’est un grand et beau spectacle de voir l’homme sortir, en quelque manière du néant par ses propres efforts; dissiper, par les lumières de sa raison, les ténèbres dans lesquelles la nature l’avoit enveloppé; s’élever au-dessus de lui-même; s’élancer par l’esprit jusque dans les régions célestes; parcourir à pas 5	de géant, ainsi que le soleil, la vaste étendue de l’univers; et, ce qui est encore plus grand et plus difficile, rentrer en soi pour y étudier l’homme et connoître sa nature, ses devoirs et sa fin.;
19 Dennoch ist eine Periodisierung nicht ganz unmöglich: 1715, die Jahrhundertmitte, 1789 und 1799 - diese Einschnitte stellen wichtige Knotenpunkte dar, die auch der Periodisierung der Literaturgeschichte zugrunde gelegt werden können.;
20 In diesem Rahmen bildet sich - in Weiterentwicklung von Vorformen des 16. und 17. Jahrhunderts - sogar eine neue dramatische Kleingattung, das “proverbe dramatique” heraus, das der Illustrierung eines Sprichworts dient und in dem sich insbesondere Louis Carrogis Carmontelle hervortut Die Mode des “proverbe dramatique” wird noch im 19. Jahrhundert neue Höhepunkte erreichen.;
21 Im Bereich der literarischen Zeitschriften ist die politisch-philosophisch, aber auch ästhetisch äußerst konservative Année littéraire - neben dem Mercure de France -die erfolgreichste Zeitschrift der zweiten Jahrhunderthälfte.;
22 Für ihren von den meisten Aufklärern gar nicht einmal bewußt gewünschten und angestrebten Ausbruch sind letztlich sozioökonomische Faktoren wie die Zerrüttung der Staatsfinanzen und die Entwicklung des Brotpreises nach 1785 ausschlaggebender als die zum Medium der Aufklärung gewordene Literatur.;
23 Hier macht sich der Einfluß des von der englischen Philosophie vermittelten Sensualismus bemerkbar: “Nihil est in intellectu, quod non prius fuit in sensu”, so lautet der Leitsatz des Philosophen Locke, der am Ende von Voltaires “conte philosophique” Micromégas als einziger abendländischer Philosoph Gnade vor des Satirikers Spott findet.;
24 Was ist die Aufklärung?;
25 War nach Auffassung der Normpoetik der Klassik und ist etwa auch noch für den Abbé Batteux in Les Beaux-Arts réduits à un même principe von 1746 die Kenntnis der Regeln und der unübertrefflichen Vorbilder, der poetischen Perfektion der Vergangenheit, unabdingbare Voraussetzung für die Produktion “großer” Kunstwerke, so wird nun allmählich die Begabung, das “génie”, wichtiger als alles andere.;
26 Die Revolution hat zwar neue literarische Formen entwickelt - so den “roman noir” und das “mélodrame”.;
27 Ihre Rolle bei der Popularisierung, ja Vulgarisierung aufklärerischer Ideen ist erheblich, wenngleich gerade in der ersten Jahrhunderthälfte der Anteil an Utopien mit ausgesprochen gemäßigten, ja zuweilen reaktionären Anschauungen nicht gering ist.;
28 Gleichzeitig ist seit 1750 aber die Idee des Patriotismus im Vormarsch begriffen - vor allem in der weitgehend antiaufklärerischen Auseinandersetzung mit der Anglophilie der Zeit.;
29 In beiden Gattungen ist Voltaire modellbildend, der lange vor seinen “contes philosophiques” in Auseinandersetzung mit dem religiösen Lehrgedicht etwa des Jansenisten Louis Racine schon seit 1722 das philosophische Lehrgedicht pflegt und sehr früh auch die “tragédie philosophique” einführt, um sein Welt- und Menschenbild publikumswirksam zum Ausdruck zu bringen.;
30 Sades von den Surrealisten übernommene Verbindung von Revolution und “roman noir”, die kaum für den “gothic novel” zutreffen kann, ist außerordentlich forciert: Dieses Genre
1	devenait le fruit indispensable des secousses révolutionnaires, dont l’Europe entière se ressentait.;
31 Etwa zwei Drittel der ungefähr 750 die Orthodoxie verteidigenden Schriften zwischen 1715 und dem Ausbruch der Revolution sind nach der Jahrhundertmitte publiziert worden.;
32 In den Salons der Marquise de Lambert - hier verkehrt auch die durch Voltaire und die Dramenbiographie von Legouvé und Scribe (1849) berühmt gewordene Schauspielerin Adrienne Lecouvreur -, der Marquise de Tencin, Mutter des Enzyklopädisten D’Alembert und Autorin sentimentaler Romane, und der Duchesse du Maine treffen sich bedeutende Schriftsteller und Philosophen der Frühaufklärung, auch aus dem Ausland; die “philosophes” im Umkreis der Encyclopédie verkehren gerne im bürgerlichen, doch exklusiven Salon der Mme Geoffrin, Tochter eines Kammerdieners der Königin und Ehefrau eines reichen Fabrikanten, welche die Encyclopédie vor dem finanziellen Ruin rettet Zur unmittelbaren geistigen Vorgeschichte der Revolution gehören bereits die ideologisch progressiven Salons der Mlle de Lespinasse seit 1764 oder der Mme d’Holbach, der Frau des materialistischen Philosophen.;
33 Einige seiner Forderungen greift in der Revolution “Gracchus” Babeuf wieder auf, vor allem mit seinem Manifeste des plébéiens von 1795, wo dieser postuliert, daß “bonheur commun” und “égalité parfaite” die Ausbeutung der vielen durch wenige ersetzen sollen, und als Voraussetzung dafür eine Art kommunistische Wirtschaftsordnung propagiert.;
34 Hälfte des Jahrhunderts prädominant.;
35 Zu den von den Aufklärern eingeklagten Freiheitsrechten gehört deshalb auch die Schreib-, Publikations- und Pressefreiheit.;
36 Zum fast unangefochtenen formalen und thematischen Modell der Romanliteratur bis weit über die Revolution hinaus wurde bekanntlich Rousseaus Briefroman Julie ou La Nouvelle Héloïse (1761), eine Art “roman philosophique”, der die Bedrohung der rationalisierten Welt durch das Irrationale in einer Welt der gestörten Harmonie von Natur und Gesellschaft illustriert.;
37 Sie lassen sich nur schwer in die Ausbildung integrieren.;
38 Realistische Tendenzen verstärken die Gefahr des Vorwurfs der Unmoral, der von Seiten des “parti dévot” auf Grund der spätestens seit Pierre-Daniel Huets “klassisch” gewordenem Romantraktat (Traité sur l’origine des romans, 1670) üblichen poetologischen Zentrierung auf die Liebesthematik ohnehin ständig droht.;
39 Um und nach 1750 gibt es alle wichtigen narrativen Spielarten der ersten Jahrhunderthälfte mit interessanten Weiterentwicklungen in einer Zeit nahezu unbeschränkter quantitativer Expansion der Narrativik: Der galant-erotische, gleichwohl satirisch intendierte Roman eines Crébillon fils, dessen “contes”, Memoiren und Briefromane programmatische moralische Nützlichkeit und pikante Gesellschaftssatire miteinander verbinden, steht neben einer Fülle eher leichter und spielerischer Romane, die der Satire kaum Platz einräumen, bis hin zu ausgesprochen pornographischen Romanen.;
40 Er tangiert mehr als alle anderen die Totalität aller Lebensbereiche, unmittelbarer als jene anderen auch und gerade Geistesleben und Literatur.;
41 Diese Nobilitierung ist allerdings nicht von Anfang an gegeben und wird sich erst im 19. Jahrhundert vollenden.;
42 Die “romans noirs”, die auf vielen französischen Vorformen (u.a. Prévost) und insbesondere dem englischen “gothic novel” aufbauen, sind in der Regel restaurativ, revolutionsskeptisch und ordnungsheischend ausgerichtet.;
43 Dem unmenschlichen Absolutismus stellt er eine Art idealkommunistisches Gemeinwesen gegenüber.;
44 Les ames tendres & sensibles ne pourront-elles pleurer que sur des malheurs réels?;
45 Marmontel hatte ursprünglich sogar vor, seinen Bélisaire dem König zu widmen, dem “Freund der Wahrheit”, dem “Souverain modéré, juste et bien faisant”, dem “ami de l’humanité” - wie es in dem erhaltenen Entwurf heißt.;
46 In Fortsetzung der klassischen Tradition und in teilweiser Überwindung von deren trivialisiertem “honnêteté”-Ideal spielen die vielen aristokratischen oder auch bürgerlichen Salons für die französische Aufklärung und ihre Literatur als Diskussionsforen und Kommunikationszentren eine große Rolle.;
47 Positiv schlägt sich die poetologische Normen-und Bindungslosigkeit der Gattung in ihrer Flexibilität und in einer recht großen Experimentierfreudigkeit der Autoren nieder.;
48 die durch eine bäuerliche Revolte herzustellen sei.;
49 Sie sind wesentlich gegenrevolutionär, insofern als sie den destruktiven Aspekt der Revolution in den Dienst des grenzenlosen Genuß- und Machtstrebens eines aristokratischen Individuums stellen, das sich einer neuen Elite zugehörig fühlt.;
50 Balzacs Objektivität recht nahe ist der Briefroman L'Émigré (1797) des königstreuen Emigranten Sénac de Meilhan, der ohne Verzicht auf die Register des sentimentalen Romans, zu denen auch der tragische Ausgang gehört, in der Beschreibung der revolutionären Verhältnisse, vor allem auch der Emigration, am genauesten verfahrt.;
51 Montesquieus Milieu- und Klimatheorie im Esprit des lois (1748), die von Mme de Staël an der Wende zum 19. Jahrhundert in De la littérature considérée dans ses rapports avec les institutions sociales (1800) und im Positivismus weiterentwickelt werden wird, basiert auf diesem Relativitätsdenken: Regierungsformen, Religionen und ihre “Gesetze”, die materialistisch und funktionalistisch als “rapports nécessaires qui dérivent de la nature des choses” definiert werden, lassen sich auf klimatische, ethnologische und kulturgeschichtliche Faktoren zurückfuhren.;
52 Periodisierung der Aufklärung
Im Jahr 1715 stirbt Ludwig XIV., der Prototyp des absolutistischen Herrschers.;
53 Jedes geschlossene System gilt von vornherein als suspekt.;
54 Doch die Auszüge, die Voltaire 1762 aus diesem Testament edieren wird, unterschlagen diese Radikalität und lassen seinen Verfasser als Deisten und von jeder Klassenkampfidee frei erscheinen.;
55 Aus der Sinneswahrnehmung aber wird sehr bald das (romantische) “sentiment”; “toucher” und “émouvoir” sind bereits im 18. Jahrhundert Schlüsselwörter der literarischen Wirkungsintentionen und der Rezeptionsempirie.;
56 Daß sich in der gleichen Zeit die “République des lettres” mit einem zahlenmäßig großen “Proletariat” von Kompilatoren, Polygraphen und literarischen Glücksrittern bevölkert, die - alles andere als frei und unabhängig-	um ihr Überleben schreiben, ist die Kehrseite dieser Entwicklung.;
57 Auch Diderots Bijoux indiscrets (1748), in denen das Motiv vom sprechenden “bijou” der Frau als Mittel zur Persiflage zeitgenössischer Sitten und Ideologien eingesetzt wird, gehören in die Nähe des Crébillonschen Romans.;
58 Er zitiert damit metaphernreich - in mehrfacher Variation der aufklärerischen Lichtmetaphorik - die Idee des philosophischen und (natur)wissenschaftlichen Fortschritts und benennt nicht zuletzt das letzte und oberste anthropologische Ziel der aufklärerisch-kritischen Bemühungen: die Selbsterkenntnis des Menschen und seiner Bestimmung.;
59 XVII-XVIII) oder wie der Marquis de Sade in seinem Briefroman Aline et Valcour.;
60 Nur im aufgeklärten Despotismus glauben die Physiokraten ihre Ziele durchsetzen zu können, zu denen auch die Förderung der landwirtschaftlichen Produktivkräfte - nur der Bodenertrag erzeugt einen Mehrwert -, die Steuerfreiheit für Handel und Industrie als eigentlichen “sterilen” Wirtschaftszweigen und die Chancengleichheit gehören.;
61 J’admire le dessein, l’économie, l’élévation de l’esprit, l’étendue de la connaissance, mais le changement de la religion, du gouvernement, des mœurs, des manières, en a fait un si grand dans le monde qu’il nous faut comme un nouvel art pour entrer dans le goût et dans le génie du siècle où nous sommes.;
62 Daß zukunftsweisende Publikationen der Aufklärung in der Tat in diesen Jahren entstanden oder erschienen sind, gibt D’Alembert für das 18. Jahrhundert recht: 1748: Voltaires Zadig, Montesquieus Esprit des lois, Diderots Bijoux indiscrets, Mablys Droit public de l’Europe fondé sur les traités; 1749: 1.;
63 Diese dominiert sehr rasch nicht nur die Rechts- und Geisteswissenschaft, sondern etwa auch die Sittengeschichte.;
64 All diese Modernisierungen, von denen noch im einzelnen die Rede sein wird, erfolgen natürlich nicht gleichzeitig und plötzlich.;
65 Dans les arts qui dépendent purement de l’imagination il y a autant de révolutions que dans les États; ils changent en mille manières, tandis qu’on cherche à les fixer” (Essai sur la poésie épique, 1728).;
66 Napoleon sollte sich ihrer - auch im Buch- und besonders auch im Pressewesen - in besonderem Maß bedienen.;
67 Erst gegen Ende des Jahrhunderts steht der Modellhaftigkeit der Französischen Revolution für die europäischen Nationen und ihre Geschichte die relative Bedeutungslosigkeit der Literatur der Französischen Revolution für die europäische Literaturgeschichte gegenüber -jedenfalls was die Langzeitwirkung betrifft.;
68 Und daß der Mensch und die menschliche Gesellschaft perfektioniert werden können, meinen die Aufklärer in ihrer überwiegenden Mehrheit.;
69 Mais les temps sont changés, et un écrivain qui ferait parmi nous l’éloge des systèmes viendrait trop tard [...] L’esprit de système est dans la physique ce que la métaphysique est dans la géométrie.;
70 “Génie naturel”: Das heißt, daß das dichterische Vermögen weder von der Vernunft noch vom Studium, also von erworbenen Kenntnissen (Regeln), abhängt.;
71 - liquidiert.;
72 Eine ähnliche frühe Funktionalisierung liegt in der Narrativik nicht vor.;
73 Dieses auf den Fortschritt ausgerichtete Vernunftdenken prägt nahezu alle anderen Prinzipien der Aufklärung.;
74 Denn die Durchmessung, ja Vermessung und wissenschaftliche Durchforstung des Universums durch den menschlichen Geist, die - letztlich antimetaphysisch ausgerichtet - nicht vor den Schranken des Göttlichen haltmacht, kann nur dann ihres wahren Sinns teilhaftig werden, wenn der die Weite des Raums wie die alles erhellende Sonne durcheilende menschliche Geist immer wieder zu sich selbst zurückkehrt, sich selbst erforscht, seine eigene physische und moralische Seinsweise bestimmt.;
75 Gattungen der Aufklärung: Der Roman
Es steht außer Frage: Nicht Lyrik oder andere Versdichtungen stehen - trotz einiger Aufwertungsversuche in jüngerer Zeit - in literaturgeschichtlicher Perspektive im Zentrum der “belles lettres” des 18. Jahrhunderts, sondern der Roman, der sich in der Aufklärung neue Positionen erkämpft, und das Theater, das seine alten Positionen auszubauen vermag.;
76 Der Aufschwung der Presse und insbesondere eines kritischen Journalismus, der zur Überwindung der Zensur häufig subtile Methoden entwickelt, aber sich auch einer sich in viele Textsorten ausdifferenzierenden Pamphletliteratur bedient, verstärkt sich vor allem seit der Jahrhundertmitte.;
77 Il ne peut être nuisible de faire réciter ce qu’il est utile d’écrire.;
78 Dazu gehört die Darstellung der zeitgenössischen Realität, der gesellschaftlichen Sitten und als Ziel die Vermittlung von “l’amour du bien et du bon”.;
79 Die Terreur aktiviert das Thema der “vertu persécutée”.;
80 Nach Jahrzehnten einer Repression, die durch die Frömmigkeitsanwandlungen des Sonnenkönigs in seinen letzten Lebensjahren vor allem auch das literarische Leben tangierte - etwa mit der Exilierung der Comédie italienne -, folgt auf Ludwigs Tod die - allerdings nur kurze - Zeit der Régence (1715-1723), in der Frankreich vom Herzog von Orléans an Stelle des noch minderjährigen Thronfolgers, des späteren Königs Ludwig XV., regiert wird.;
81 Doch weniger die eindeutige Zuweisung der Schuld an die Gesellschaft und der Unschuld an die Natur ist für den Erfolg dieses Romans entscheidend als vielmehr die auf die Romantik weisende narrative Inszenierung der Natur.;
82 In der Revolution überwiegen in der Narrativik im wesentlichen die Kontinuitäten.;
83 Die physiokratische Lehre eines Vincent de Goumay, Marquis de Mirabeau oder François Quesnay, die sich in Opposition zum gescheiterten absolutistischen Merkantilismus nach 1750 formiert und im Hinblick auf eine unumschränkte Handels- und Gewerbefreiheit die Devise “laisser faire, laisser passer”, also die Theorie des Gleichgewichts von Angebot und Nachfrage, aufstellt, vermag in der Revolution die Grundlage für das liberale Wirtschaftssystem des Kapitalismus zu liefern.;
84 Der Einfluß der französischen Aufklärer und ihrer Werke in ganz Europa - auch und gerade an den Fürstenhöfen (Voltaire in Berlin, Diderot in St. Petersburg usw.) - nährt den von manchen Potentaten allerdings auch bewußt ausgebeuteten Traum von einer Art philosophischen Internationalen.;
85 S’il est quelquefois nécessaire pour nous mettre dans le chemin de la vérité, il est presque toujours incapable de nous y conduire par lui-même.;
86 Kontinuitäten, die nur teilweise eine Umfunktionalisierung erfahren, stehen neben Diskontinuitäten, die in manchen Gattungen überwiegen, aber zu einem großen Teil nach Robespierres Sturz vom 9.;
87 Nicht nur der Kampf Voltaires, der nur wenige Vorurteile zur Aufrechterhaltung der sozialen und moralischen Ordnung akzeptiert, gilt jenen die Würde des Individuums tangierenden Vor-Urteilen und Vor-Verurteilungen, von denen das “siècle philosophique” sich mit Hilfe der Ratio befreien will.;
88 Was - bei aller Diversität im einzelnen - die Einheitlichkeit der nicht zuletzt auf Grund der französischen Kulturhegemonie auf alle Teile Europas ausstrahlenden Aufklärungsbewegung ausmacht, ist die auf einer Selbstbefreiung von Normierungen basierende Infragestellung und schließlich Dekuvrierung und Entmachtung der überkommenen Dogmen insbesondere im religiösen (philosophischen) und politisch-sozialen, aber auch im ökonomischen Bereich, durch die kritische Vernunft.;
89 Dort gewinnen die durch die Geldpolitik Ludwigs XIV.;
90 Eine poetologische Aufwertung der Lyrik sollte deshalb der Romantik vorbehalten bleiben.;
91 Das Beispiel des naiv-genialen Rétif de la Bretonne, des “Rousseau du ruisseau” (Melchior Grimm), und seines literarischen Umfelds ist besonders erhellend.;
92 Ausgesprochen propagandistische, politische Romane sind in dieser Zeit eher selten.;
93 Die relativ geringe poetologische Bedeutung der Lyrik im 18. Jahrhundert wird vor allem auch durch den lange währenden Streit über den Wert oder Unwert der Verssprache an sich in Gang gehalten, den die Gegner der “poésie” im Namen der Ratio außerordentlich vehement auszufechten versuchen.;
94 Das Beispiel Voltaires, vor allem der große Einfluß der englischen Philosophie (Locke, Shaftesbury) und Naturwissenschaften (Newton) sind in diesem Zusammenhang besonders bedeutsam.;
95 Es generiert die mehr oder weniger scharfe Kritik der Aufklärer an überkommenen gesellschaftlichen Autoritäten und Institutionen ebenso wie an der absolutistischen Staatsform, an der katholischen Kirche ebenso wie an religiösen Dogmen.;
96 Beide werden - nicht nur wegen des relativ starken Einflusses des englischen “moral sense” nach 1760 - primär von der an Bedeutung gewinnenden bürgerlichen Ideologie getragen, von Anfang an aber auch von einem Teil der Aristokratie, was sie kultursoziologisch kompromissuell zu Dominanten einer Art kulturtragenden Elite der zweiten Jahrhunderthälfte werden läßt.;
97 Viele der Argumente für oder gegen den Roman stammen noch aus dem 17. Jahrhundert.;
98 Wichtige Kennzeichen sind Aktualisierung, Politisierung, Didaktisierung und Re-Oralisierung (Chanson, Revolutionsrhetorik).;
99 Schon Saint-Évremond hatte die Absage an eine ahistorische Poetik 1685 in seinem Essay Sur les poèmes des Anciens auf den Punkt gebracht:
U n’y a personne qui ait plus d’admiration que j’en ai pour les ouvrages des Anciens.;
100 Der Sadesche Roman, der mit der Nouvelle Justine durch die monotone Variation des Immergleichen und durch philosophische Exkurse auf viele Bände ausgeweitet ist, erscheint als eine Apologie des Bösen, in der alle moralischen Werte radikal umgewertet sind.;
101 Die in Vorwörtern und Traktaten von Befürwortern, aber auch von Gegnern des Romans, der (wie schon im 17. Jahrhundert) sich terminologisch nicht zu sich selbst bekennt, vorgetragenen Romantheorien sind meist weniger kreativ-poetologisch als offensiv-kritisch bzw. defensiv-apologetisch.;
102 Viele ihrer Ideen werden erst in der Ersten Republik durchgesetzt.;
103 Symptomatisch ist der permanente Versuch der Romanautoren seit Crébillon fils, den moralischen Nutzen ihrer Produkte herauszustreichen.;
104 Selbstverständlich gehört zur Problematik der Schriftstellerexistenz dieser Zeit auch die Schwierigkeit, für politisch und religiös oppositionelles oder aus moralischen Gründen nicht genehmes, also lizenziöses Schrifttum Gnade in den Augen einer oft bornierten, pedantischen und in der Regel strengen Zensur zu finden, die nach 1750 mit besonderer Schärfe urteilt und verurteilt, auch wenn sie auf Grund des meist persönlichen Kontakts zwischen dem Autor und seinem Zensor noch nicht durch die Anonymität der Zensur des 19. und 20. Jahrhunderts gekennzeichnet ist.;
105 Es wird dem auf romaneske Formen des 18. Jahrhunderts zurückgreifenden und deren Subjektivitätsansätze weiterentwickelnden “roman personnel” des “romantisme Empire” vorbehalten sein, wichtige Weichen für die weitere französische Romangeschichte zu stellen.;
106 / La rime agonisante a perdu son renom”.;
107 Dieser Bedingtheit muß die Literatur Rechnung tragen, wenn sie gefallen will.;
108 Le rire enfin serait-il un attribut de l’esclavage à jamais banni de la France par le retour de la Liberté?;
109 Während Voltaire zu den bekanntesten Verfechtern des Verses gehört (“Un mérite de la poésie, dont bien des gens ne se doutent pas, c’est qu’elle dit plus que la prose, et en moins de paroles que la prose”, Artikel “Poètes” des Dictionnaire philosophique von 1764), polemisiert der Abbé Trublet in De la poésie et des poètes von 1760 gegen die Verssprache: “qu’un homme crève de jalousie ou meure de douleur, et que là-dessus, il se mette à faire cent vers, quoi de moins naturel”.;
110 In den “manuscrits clandestins” wird die extrem rationalistische Kritik an den Dogmen der christlichen Offenbarungsreligion, an Wunderglauben, Existenz eines allmächtigen und allgütigen Gottes, Unsterblichkeit der Seele und Wahrheitsgehalt der Bibel, zuweilen bereits bis zu materialistischen Anschauungen vorangetrieben.;
111 Allerdings ist seine skeptische Haltung in bezug auf die Frage, ob diese dem Menschen das Glück beschert, überdeutlich:
1	Le principal caractère qui le [sc. den Menschen — D.R.];
112 Auch die Presse - mit vielen nur kurzlebigen Erzeugnissen - dient der Distribution des Wissens.;
113 Die wichtigste neue Romanform ist der Schauerroman, dessen Mode nach der Terreur einsetzt.;
114 Diese gerät immer mehr unter den Einfluß der naturphilosophischen und naturwissenschaftlichen Ideen und Erkenntnisse - auch der ethnologischen Literatur (Reisebeschreibungen) - und dadurch zwangsläufig in Opposition zur kirchlichen Doktrin.;
115 Voltaires Traité sur la tolérance (1763) - gegen Vorurteile, Aberglauben und religiöse Intoleranz gerichtet — ist nur ein besonders bekanntes Beispiel.;
116 Rétif, der in Auxerre eine Druckerlehre absolviert hatte und von 1755 an in Paris als Drucker arbeitete, soll viele seiner äußerst zahlreichen Werke direkt in die Druckerpresse hineinverfaßt haben.;
117 est la source de tous les malheurs de l’homme; que c’est elle qui le tire à force de temps de cette condition originaire dans laquelle il couleroit des jours tranquilles et innocents, que c’est elle qui, 5	faisant éclore avec les siècles ses lumières et ses erreurs, ses vices et ses vertus, le rend à la longue le tyran de lui-même et de la nature.;
118 reich gewordenen Financiers eine wachsende, auch kulturfördernde Bedeutung: 
Diese hatten vom spektakulären Reinfall des schottischen Finanzexperten Law beim Versuch, den vor allem durch Ludwigs XIV.;
119 Deutlich spricht dies beispielsweise Diderot 1765 im Artikel “Imitation (Poésie, Rhétorique)” der Encyclopédie aus: Die “imitatio” ist nicht mehr Ziel, sondern lediglich ein vorsichtig zu dosierendes und mit “liberté” einzusetzendes Hilfsmittel.;
120 Die “Rationalisierung” der Versdichtung des 18. Jahrhunderts ist in der Tat die eine Seite, die Aufwertung der Prosa und der sich ihrer seit langer Zeit bedienenden Gattung des Romans die andere.;
121 Am Rand der Narrativik ist allerdings die literarische Utopie situiert - seit dem 17. Jahrhundert in Frankreich ein wichtiges Medium für soziopolitische und ökonomische, religiöse und moralische Kritik am Status quo und für die verschiedensten idealen Gegenentwürfe.;
122 Doch gerade auch diesen Patriotismus werden die europäischen Nationen, die sich in Napoleons Expansionskriegen mit ihm auseinandersetzen müssen, von Frankreich erlernen.;
123 Die bürgerliche Aufklärung hat — so kann man vielleicht die sehr kontrovers geführte Diskussion der Forschung deshalb synthetisieren - zwar einen grundlegenden Mentalitätswandel bewirkt und den weiteren faktischen und ideologischen Verlauf der Französischen Revolution wesentlich instrumentiert - man denke nur an die Umsetzung von Montesquieus Konzept von der Gewaltenteilung in der Verfassungsgebung oder den Einfluß von Rousseaus Staatslehre (Volkssouveränität, Gleichheitsidee) vor allem auf die radikaleren republikanischen Positionen.;
124 “Le sage doit être Cosmopolyte [...] il ne doit avoir de patrie que là où régnent le bon sens et la raison, et de compatriotes, que ceux qui, comme lui, s’attachent à la recherche du vrai”, steht 1750 im Mercure de France zu lesen.;
125 Meist gehen die Briefe über die Ebene des Persönlichen hinaus und dienen als Kommunikationsmittel für literarische, philosophische und naturwissenschaftliche Diskussionen und Informationen.;
126 Gemeinnutz setzt “natürlichen” Eigennutz voraus, ist nicht zu ihm konträr -die Implikation der Toleranz ist hier durchaus erkennbar.;
127 Die spektakulären Erfolge der “philosophes” in ihrer immer mutiger werdenden Kampagne gegen überkommene Denksysteme und deren gesellschaftliche Repräsentanten häufen sich nach der Jahrhundertmitte: Das Verbot des Jesuitenordens in Frankreich im Jahre 1762 war auch der Kampagne der “philosophes” gegen diesen Erzfeind zuzuschreiben.;
128 N’est-il donc pas encore permis de reposer sur des objets amusans l’attention que l’on doit aux affaires publiques?;
129 Wie es der Terreur nicht unbedingt bedarf, um im Leser das Bedürfnis nach Angst vor und Faszination durch die Grausamkeit zu wecken, so auch nicht, um den Divin Marquis seine Infortunes de la vertu von 1787 schon 1791 zu Justine ou les malheurs de la vertu erweitern zu lassen.;
130 1795/96 geht sie im neugegründeten “Institut de France” auf.;
131 Häufiger sind jene sentimentalen Romane und Liebes- und Abenteuerromane, denen die revolutionäre Aktualität als Rahmen, Peripetienauslöser und Pathoslieferant dient.;
132 Die Berechtigung eines universalen, überzeitlich gültigen Schönheitskanons - einer der Eckpfeiler der “doctrine classique” - verneinen nun letztlich auch (zum Teil halbherzige) Klassizisten wie Voltaire.;
133 Diderot, Rétif de la Bretonne und vor allem Beaumarchais - dieser den Schauspielern der Comédie française gegenüber - ste-hen dabei in vorderster Front.;
134 Die Vorstellung vom Schriftsteller als Lehrmeister der Nation, als ihr “Gesetzgeber” (Louis-Sébastien Mercier), der sich öffentlich durch seine Schriften engagiert, der kritisch in der nicht nur literarischen Öffentlichkeit interveniert, den auch gekrönte Häupter als Ratgeber zu schätzen wissen (Voltaire als Kammerherr Friedrichs II.;
135 Oft überlappen sich die jeweiligen ideologischen Systeme.;
136 Doch auch auf einer anderen Ebene wird die Rolle des Schriftstellers aufgewertet.;
137 Noch offensichtlicher ist die Wirkung des Relativitätsbewußtseins im Bereich der Religion.;
138 Die Dominanz des auktorialen Erzählens geht verloren.;
139 Alle anderen - ähnlichen - Publikationen, die zumeist aus wirkungsstrategischen Gründen die Briefform aufgreifen, sind kaum als Romane zu klassifizieren.;
140 Ob beispielsweise Moreaus Pamphlete Premier mémoire sur les cacouacs und Nouveau mémoire pour servir à l’histoire des cacouacs von 1757 oder Palissots satirische Komödie Les philosophes von 1760 den “philosophes” wirklich geschadet oder nicht eher genützt haben, bleibt zu fragen.;
141 Von seiner Mobilisierung gegen die “seigneurs” und den monarchischen Staat, der ihre Privilegien stützt, profitiert in einer Zeit der wirtschaftlichen Krise mit exorbitanten Preiserhöhungen in der Hauptsache das Bürgertum, das von diesem “Volk” zu einer Revolution gleichsam gezwungen wird, die gleichwohl in der Logik der reformerischen Ideologie eben der bürgerlichen Schichten gründet.;
142 Dagegen nimmt die Produktion und Distribution von literarischen Texten (vor allem Romanen), Reiseberichten und nicht zuletzt wissenschaftlichem und parawissenschaftlichem Schrifttum entsprechend zu.;
143 Insofern ist das Jahrhundert der Aufklärung - mehr als manche andere Epoche - für viele Bereiche eine nicht leicht zu gliedernde Zeit des Übergangs - von der “Klassik” zur “Romantik” (Literatur), von der absolutistischen Monarchie zur Republik (Staatsform), um nur zwei dieser Bereiche herauszugreifen, die schlagwortartig etikettiert zu werden vermögen.;
144 In dieser großartigen, gewaltigen Leistung (“merveille”) ist die wahre Funktion der Aufklärung als Selbstaufklärung des Menschen zu sehen, als “Ausgang des Menschen aus seiner selbstverschuldeten Unmündigkeit” (Kant, Was ist Aufklärung?, 1784).;
145 (bis 1792) im Grundsatz nicht mehr reversible weitgehende Auflösung des extremen Absolutismus einerseits und die gleichfalls folgenreiche Liberalisierung des geistigen Klimas andererseits.;
146 Weil inzwischen selbst der König, Ludwig XV, und seine Regierung eingesehen hatten, daß es - nicht zuletzt auch im Interesse der Erhaltung des Status quo - Zeit war, den “esprit du siècle” bis zu einem gewissen Grad zu respektieren, ja zu fördern.;
147 In ihr kommen das wachsende bürgerliche Selbstwertbewußtsein und der Optimismus zum Ausdruck, über die Erforschung und Läuterung des menschlichen Herzens zu einer Erneuerung der Gesellschaft gelangen zu können.;
148 Während die Romantheorie der Zeit die Nützlichkeit der fiktionalen Prosa betont, überwiegen in der Praxis die Funktionen der Evasion und der Entspannung.;
149 Der Ich-Roman und der Briefroman gehen etwas zurück; der “roman personnel” kündigt sich indessen bereits an - etwa in Xavier de Maistres für ein Emigrantenpublikum geschriebenem Voyage autour de ma chambre (1794).;
150 Ituriel (der “Monarch” dieser philosophischen Erzählung) gibt Babouc (dem “philosophe”) den Auftrag, eine derartige empirische Untersuchung und Diagnose durchzufuhren und ihm Vorschläge für eine Therapie zu unterbreiten, denn der “philosophe” ist unparteiisch (“tu ne seras point partial”), d.h. von Vorurteilen unbelastet, er besitzt “discernement” und er vermag Vertrauen zu erwecken: “marche, regarde, écoute, observe, et ne crains rien”.;
151 Perfektibilität impliziert auch Korruptibilität:
II serait triste pour nous d’être forcé de convenir que cette faculté distinctive et presque illimitée [sc. die “perfectibilité” - D.R.];
152 Allerdings: Da für Voltaire in der Geschichte der Menschheit so etwas wie ein Selbstbefreiungsprozeß der Vernunft ausgemacht werden kann, ist auch sein geschichtsphilosophisches Denken nicht ganz frei von einem Telos.;
153 Relativität impliziert insofern auch Toleranz anderen Ländern und Kulturen gegenüber: Gesetze sind Resultate von Geschichte, sie dürfen deshalb nicht von außen aufoktroyiert werden und werden deshalb auch als mit der Geschichte veränderbar gedacht.;
154 Was bis 1789 so gut wie nicht, danach aber in zunehmenden Maß in Frage steht, ist die Vorbildhaftigkeit der französischen Literatur.;
155 Die in der Revolution letztlich siegreiche gemäßigte bürgerliche Aufklärung beginnt schon vor 1800, sich von einer progressiven zu einer eher bremsenden, systemstabilisierenden Kraft fortzuentwickeln, die vor allem an ihrer Machterhaltung interessiert ist

Aufklärung und Revolution
Die Aufklärung ist - obgleich von Anfang an von zahlreichen Vertretern der Aristokratie mitgetragen - von den meisten ihrer zentralen Ideologeme her vornehmlich bürgerlich begründet.;
156 Die normative Poetik der Klassik - überhaupt jede normative Poetik an sich - wird im Verlauf des 18. Jahrhunderts immer problematischer.;
157 In ihren Preisausschreibungen - die beiden Rousseauschen Discours von 1750 und 1755 sind bekanntlich Antworten auf Preisfragen der Akademie von Dijon - stehen neben literarischen und naturwissenschaftlichen Fragen nach 1750 auch nationalökonomische und soziologische Probleme im Vordergrund.;
158 Diese Bedingtheit wird durch die Klimatheorie eines Montesquieu noch verstärkt: Jedes Klima bringt andere Menschen und Talente hervor.;
159 Jeder Band enthält eine Einführung, in der die zum adäquaten Verständnis literarischer Werke nötigen historischen Entwicklungen (allgemeine Geschichte, Wirtschafts-, Sozial-, Philosophie- und Religionsgeschichte) skizziert und die zeitgenössischen Poetiken / Kunstauffassungen sowie die literarischen Hauptströmungen analysiert werden.;
160 Insofern als die “Liberalisierung” in der Régence sowohl die feudalaristokratische Reaktion, die just nach 1780 ihren Höhepunkt erreichen wird (“réaction nobiliaire”), und damit die wieder verstärkte Abschließung des Adels nach unten begünstigt, als auch den ökonomischen Handlungsspielraum des Bürgertums erweitert, liegt die Französische Revolution wenigstens zum Teil in der Régence begründet.;
161 In einer Rezension der Bibliothèque universelle des Romans, die 1776 im Mercure de France erschienen ist, heißt es entsprechend:
Les Romans sont, chez toutes les Nations, le miroir des passions, le tableau fidèle du cœur humain, renferment en outre la tradition précieuse des usages, du costume, de la manière de voir, de sentir, d’agir & de s’exprimer des temps dont ils parlent, ou, tout au moins, des temps où ils ont été écrits.;
162 Dennoch ist der Zusammenhang der (überwundenen) Terreur mit der Intensivierung der Bedrohlichkeit und Schrecklichkeit des fiktionalen Bösen nicht ganz zu übersehen.;
163 Die Konstanz der romanesken Erzählformen und -inhalte ist groß.;
164 Die romantechnische Innovationskraft des “roman noir”, auch desjenigen des Marquis de Sade, ist relativ gering.;
165 Wie im Bereich des Theaters, so hängt auch die nur selten plakative Moralisierung der Romanliteratur, die ihre schwarz-weiß-malende Trivialisierung im “roman noir” des ausgehenden Jahrhunderts erreichen wird, ebenso wie die damit verknüpfte Sentimentalisierung mit der progressiven Verbürgerlichung der Gattung - ihrer Produzenten und Rezipienten -zusammen.;
166 Da steht über die Toleranzidee zu lesen:
Avec le beau système de la tolérance, la France serait devenue le refuge de tous les visionnaires et de tous les libertins de l’Univers, toujours prêts à s’y introduire.;
167 Für den nächsten epochalen Einschnitt, die 1789 ausbrechende Französische Revolution, bedarf es keiner detaillierten Begründung.;
168 Die in der Regel bürgerlichen Romanautoren, die sehr häufig vom Ertrag ihrer Feder leben müssen, haben den dilemmatischen Weg zwischen der Skylla der Unwahrscheinlichkeit und der Charybdis der Unmoral zu finden.;
169 Literaturgeschichten mit ihren notwendigerweise knappen und allgemeinen Darstellungen sind nur in begrenztem Maße geeignet, die Infonnationslücken zu füllen.;
170 7.;
171 Die bürgerliche Aufklärung hat sich letztlich auch in einer ganzen Reihe von sozioökonomischen und politischen Resultaten der Revolution fast ohne Einschränkungen bestätigt sehen können.;
172 Daß dabei - zumindest solange die 1791 erlassene Pressefreiheit gilt -dem sich weiter ausdifferenzierenden und sich neue Leserschichten erschließenden Journalismus, insbesondere der politischen Presse, eine große Bedeutung zukommt, ist klar.;
173 Am aufklärerischen Optimismus zu partizipieren, der auch auf einer realen Zuwachsrate des Außenhandels von mindestens 300 Prozent, der Industrie von 100 Prozent und der Landwirtschaft von etwa 40 Prozent zwischen dem Jahrhundertbeginn und dem Vorabend der Revolution basieren dürfte, ist bis 1789 jenem “peuple”, dem die paternalistische Verachtung nicht nur eines Voltaire gilt, nur in sehr eingeschränktem Maß vergönnt.;
174 Wichtiger sind indessen zweifellos die auch unter Ludwig XV.;
175 Prinzipien und Spielarten der Aufklärung
In Verstärkung oppositioneller Stimmen in der Endphase der Regierungszeit Ludwigs XIV.;
176 Der erste Schritt in Richtung Genie- und Gefühlsästhetik der Romantik ist getan.;
177 Andere Thesenromane sind weniger plakativ.;
178 Die Universalität der französischen Sprache, die Rivarol 1784 - ein Jahrzehnt vor dem Höhepunkt des sprachlichen Jakobinismus der Französischen Revolution - in einer von der Berliner Akademie preisgekrönten Abhandlung darlegt (Discours sur l'universalité de la langue française:“ ce qui n’est pas clair, n’est pas français”), und diejenige der französischen Kultur sind unbestritten: “Jadis tout était romain, aujourd’hui tout est français”, schreibt 1777 der gebürtige Neapolitaner Caraccioli in seinem Buch L’Europe française.;
179 Der Blick der Aufklärung geht, weit mehr als derjenige der “Klassik”, über die Grenzen des “Eigenen” wesentlich hinaus.;
180 Einschnitt heißt aber natürlich — was letztere betrifft - auch im Fall der Französischen Revolution nicht abrupter und völliger Bruch mit der Tradition.;
181 Wenn es wirkliche Regeln für die Produktion von Dichtung - also jene “Naturgesetze” des Ästhetischen, die der Klassik als entdeckt, als “gefunden”, und nicht als arbiträr “erfunden” galten - nicht (mehr) gibt, so ist jede Regel relativ, ohne Allgemeingültigkeit.;
182 Die Infragestellung der poetischen Norm korrespondiert letztlich mit der Infragestellung fester Systeme im allgemeinen und des absolutistischen Systems im besonderen.;
183 ﻿Vorwort zur Reihe
Eine Vielzahl von Gesprächen mit Dozentinnen und Dozenten hat ergeben, daß die Kenntnis zentraler Texte der französischen Literatur bei den Studierenden rückläufig ist, daß Zufallslektüren überwiegen.;
184 Voltaire und Rousseau werden ebenso wie Diderot und D’Holbach von ihnen lernen.;
185 Inwieweit diese Literatur - über die Funktionen des “plaire” und des auf praktische Lebensbewältigung und Alltagsbildung ausgerichteten “instruire” hinaus - einen aufklärerisch-oppositionellen Geist in unteren sozialen Schichten zu fördern vermochte, ist höchst umstritten.;
186 Zeittafeln ermöglichen die Einordnung der Werke in die zeitgenössischen historischen Prozesse.;
187 Einige der bereits genannten Aspekte der Aufklärungsliteratur gelangen erst gegen 1830 voll zur Geltung und gehören bereits zur “Vorromantik”.;
188 Zu ihnen gehört etwa Louvet de Couvrays Briefroman Émilie de Varmont (1791), der mit konventionellen Mitteln die Notwendigkeit der Ehescheidung und die Auflösung des Zölibats und der Klöster proklamiert.;
189 Voltaire beispielsweise muß seine Satiren auf die Unmoral des Adels und schließlich auch auf den Herzog von Orléans selbst 1716 mit der Verbannung in die Provinz sühnen, wird vom Mai 1717 bis April 1718 ein erstes Mal, wegen Verleumdung, in der Bastille inhaftiert, dann 1726 erneut - als Folge seiner (ideologisch begründeten) tätlichen Auseinandersetzung mit dem Chevalier de Rohan -, um schließlich nach England ins Exil gehen zu müssen.;
190 Vor allem nach der Wahl Voltaires (1746) wächst unter ihren Mitgliedern der Anteil der Aufklärer.;
191 distingue de toutes les autres créatures de l’univers, c’est la perfectibilité qu’il a reçue de se rendre plus parfait, faculté qui opère sans cesse les plus étonnantes révolutions et dans son être et dans toute la nature [...] Quand on réfléchit sérieusement sur l’homme et 5	sur sa déplorable destinée confirmée par l’histoire de tant de siècles, on est tenté de croire que le don de se perfectionner qu’il a reçu de la nature lui a été plus funeste qu’utile.;
192 Neuwahlen führen zu vehementen ideologischen Auseinandersetzungen.;
193 Die Abkehr vom heroisch-galanten Roman und von der vom klassischen Roman einer Mme de Lafayette ausgehenden “nouvelle” fuhrt gegen 1730 zur Herausbildung des sentimentalen Romans und des Ich-Romans und wenig später zu der des libertinen (galant-lizenziösen) Romans.;
194 So ist beispielsweise auf die Schriften von Pierre Bayle gegen Aberglauben, Vorurteile und Dogmendiktatur und für empirisch-rationales Denken und die Trennung von Glauben und Moral zu verweisen, vor allem sein mit einem geschickten Verweissystem im kritischen Anmer-kungsapparat arbeitendes Dictionnaire historique et critique (1695-1697), einen wichtigen Vorläufer der Encyclopédie, aber auch von Voltaires Dictionnaire philosophique.;
195 Die billigere Kolportageliteratur, der “Taschenbuchmarkt” der Aufklärung mit einer durchschnittlichen Auflage von 5.000 Exemplaren (ohne Neuauflagen), ist statistisch heute kaum noch erfaßbar.;
196 In zunehmendem Maß werden aber auch aktuelle soziale und moralische Probleme behandelt - beispielsweise der durch die aristokratische Reaktion schwieriger gewordene soziale Aufstieg des “roturier”.;
197 Das Bewußtsein von der Zeitbedingtheit literaturkritischen Urteilens und Verurteilens, des “goût”, wächst stetig, nachdem es durch die “Modernen” in der “Querelle des Anciens et des Modernes” geschärft worden war, die dezidiert die Ansicht vertreten hatten, daß der Wissenserweiterung im naturwissenschaftlichen und technischen Bereich nicht für alle Zeiten eine unveränderliche, antik inspirierte ästhetische Norm entsprechen könne.;
198 Band von Buffons Histoire naturelle, Condillacs Traité des systèmes; 1750: Rousseaus erster Discours; 1751: Voltaires Siècle de Louis XIV usw. Vor allem publiziert D’Alembert im November 1750 in 8.000 Exemplaren den “Prospectus” der seit etwa 1745 in Planung befindlichen Encyclopédie, deren beiden ersten Bände - mit D’Alemberts die Unterwerfung des Denkens unter die Vernunft und die Eliminierung von Vorurteilen und Aberglauben proklamierendem Discours préliminaire - 1751 beim Pariser Verleger Le Breton erscheinen.;
199 Gerade die Geschichte dieses von den bedeutendsten Aufklärern getragenen “Jahrhundertwerks” zeigt, wie überzeugend D’Alemberts geistesgeschichtliche Periodisierung der eigenen Epoche ist.;
200 Man nimmt an, daß am Ende des Ancien régime etwa ein Drittel der erwachsenen Bevölkerung -natürlich im wesentlichen im oberen Bereich der sozialen Hierarchie - lesen kann.;
201 Thermidor des Jahres II wieder zurückgenommen werden.;
202 Eleganz und Präzision, Oratorik und Allegorie, Mythologie und gedankliche Abstraktionen bestimmen wesentlich auch die Lyrik der Aufklärung, obgleich der absolutistische Repräsentationsstil schon in der “Querelle des Anciens et des Modernes” im Namen der Ratio kritisiert und gar die Versform überhaupt als Mittel zum “beau mensonge” verurteilt wurde.;
203 Europa schaut auf Frankreich, und nur ansatzweise tritt in Frankreich das literarische Europa in den Blick - noch am ehesten England, vor allem mit der Rezeption des englischen Romans (Richardson, später der englische Schauerroman) - zum Teil im Rahmen einer etwa auch Mode und Landschaftsarchitektur umfassenden Anglomanie und den ersten Anfängen einer noch relativ verständnislosen Shakespeare-Rezeption (Ducis).;
204 Sades Erklärung des fiktionalen Bösen im “roman noir” als Überbietung der Grausamkeiten, Verbrechen und Schrecken der revolutionären Realität für einen durch die Wirklichkeit abgestumpften Leser trifft vor allem nicht seinen eigenen “roman noir”.;
205 Doch die weitere Entwicklung der französischen Literatur wird nach 1799 weniger durch spezifisch revolutionäre Phänomene, zu denen im ästhetischen Bereich beispielsweise auch der politisch mitbedingte Neoklassizismus gehört, als vielmehr durch die Weiterentwicklung der literarischen Formen des Ancien régime und insbesondere durch die Revolution selbst und ihre Langzeitauswirkungen geprägt werden.;
206 Und gleiches gilt für das staatspolitische Denken.;
207 Neben dem im “siècle de Louis XIV” voll entwickelten royalistischen, letztlich auf den König bezogenen Nationalismus wird vor dem Hintergrund des im Siebenjährigen Krieg (1756-1763) erlittenen Macht- und Prestigeverlusts Frankreichs in Europa jener bürgerliche Patriotismus immer stärker, der das Wohl der Nation mit demjenigen des bürgerlichen Stands identifiziert.;
208 Und: “la bonne imitation est une continuelle invention”.;
209 Daß im übrigen Bergier auf seine antirousseauistische Schrift eine Widerlegung von Holbachs Système de la Nature folgen läßt (Examen du matérialisme ou Réfutation du Système de la Nature, 1771), in der er Holbach mit Rousseau zu falsifizieren versucht, zeigt deutlich die teilweise ideologische Verworrenheit gerade in dieser Phase der “bataille philosophique”.;
210 Eine gemäßigte “Fraktion” der Aufklärung der zweiten Jahrhunderthälfte bildeten die Physiokraten.;
211 Dabei haben die geschichtsbewußten Aufklärer selbst, vor allem D’Alembert (in seinem 1759 als Fortsetzung und Erweiterung seines Discours préliminaire zur Encyclopédie publizierten Essai sur les éléments de philosophie), auf die Bedeutung dieser Scharnierstelle für die Periodisierung hingewiesen.;
212 In der Tat: Außer André Chénier ist von den Lyrikern dieses Jahrhunderts nach den (nach)romantischen Kriterien subjektiver Gefühlslyrik niemand “kanonisiert” worden.;
213 Besonders berühmt wurde das Café Procope.;
214 Besonders das Theater trägt diesem Postulat in Theorie und Praxis zunehmend Rechnung.;
215 Die Forderung nach sozialer Gleichheit ist für ihn mit der nach Abschaffung des Privateigentums verknüpft.;
216 In der zweiten Jahrhunderthälfte wird die literarische Utopie häufig als “utopie-projet” zu konkreten Reformprojekten und Gesetzgebungsmodellen entfiktionalisiert - so etwa in Morellys Code de la Nature von 1755 mit dem für alle gleichermaßen geltenden Postulat “la raison veut, la loi ordonne” - und besonders auch durch utopiekritische und -parodistische Elemente bereichert.;
217 Die entschiedene Wendung zur Subjektivität manifestiert sich in der Ich-Form, im Briefroman oder im Memoirenroman und meint nicht Flucht in das Private, sondern Streben nach menschlicher Authentizität.;
